Workbook
Name departments: departments!$A$1:$A$6

Sheet employees
A1: Employee ID | B1: Employee Name | C1: Department ID | D1: Dept Name (VLOOKUP) | E1: Dept Name (XLOOKUP) | F1: Age | G1: Monthly Salary | H1: Category | I1: City | J1: Join Year
A2: E005 | B2: Karan Mehta | C2: 103 | D2: =VLOOKUP(Table1[[#This Row],[Department ID]],departments!$A$2:$B$6,2,FALSE) -> IT | E2: =IFERROR(VLOOKUP(Table1[[#This Row],[Department ID]],departments!$A$2:$B$6,2,FALSE),"Not Found") -> IT | F2: 40 | G2: 72000 | H2: =IF(G2>60000,"High Earner",IF(G2<45000,"Low Earner","Standard")) -> High Earner | I2: Bangalore | J2: 2018
A3: E004 | B3: Sneha Roy | C3: 103 | D3: =VLOOKUP(Table1[[#This Row],[Department ID]],departments!$A$2:$B$6,2,FALSE) -> IT | E3: =IFERROR(VLOOKUP(Table1[[#This Row],[Department ID]],departments!$A$2:$B$6,2,FALSE),"Not Found") -> IT | F3: 31 | G3: 68000 | H3: =IF(G3>60000,"High Earner",IF(G3<45000,"Low Earner","Standard")) -> High Earner | I3: Bangalore | J3: 2020
A4: E008 | B4: Neha Verma | C4: 103 | D4: =VLOOKUP(Table1[[#This Row],[Department ID]],departments!$A$2:$B$6,2,FALSE) -> IT | E4: =IFERROR(VLOOKUP(Table1[[#This Row],[Department ID]],departments!$A$2:$B$6,2,FALSE),"Not Found") -> IT | F4: 27 | G4: 65000 | H4: =IF(G4>60000,"High Earner",IF(G4<45000,"Low Earner","Standard")) -> High Earner | I4: Bangalore | J4: 2022
A5: E009 | B5: Arjun Reddy | C5: 104 | D5: =VLOOKUP(Table1[[#This Row],[Department ID]],departments!$A$2:$B$6,2,FALSE) -> Finance | E5: =IFERROR(VLOOKUP(Table1[[#This Row],[Department ID]],departments!$A$2:$B$6,2,FALSE),"Not Found") -> Finance | F5: 38 | G5: 60000 | H5: =IF(G5>60000,"High Earner",IF(G5<45000,"Low Earner","Standard")) -> Standard | I5: Chennai | J5: 2017
A6: E010 | B6: Divya Iyer | C6: 104 | D6: =VLOOKUP(Table1[[#This Row],[Department ID]],departments!$A$2:$B$6,2,FALSE) -> Finance | E6: =IFERROR(VLOOKUP(Table1[[#This Row],[Department ID]],departments!$A$2:$B$6,2,FALSE),"Not Found") -> Finance | F6: 35 | G6: 58000 | H6: =IF(G6>60000,"High Earner",IF(G6<45000,"Low Earner","Standard")) -> Standard | I6: Chennai | J6: 2019
A7: E007 | B7: Vikram Singh | C7: 101 | D7: =VLOOKUP(Table1[[#This Row],[Department ID]],departments!$A$2:$B$6,2,FALSE) -> Sales | E7: =IFERROR(VLOOKUP(Table1[[#This Row],[Department ID]],departments!$A$2:$B$6,2,FALSE),"Not Found") -> Sales | F7: 45 | G7: 58000 | H7: =IF(G7>60000,"High Earner",IF(G7<45000,"Low Earner","Standard")) -> Standard | I7: Mumbai | J7: 2015
A8: E002 | B8: Priya Nair | C8: 102 | D8: =VLOOKUP(Table1[[#This Row],[Department ID]],departments!$A$2:$B$6,2,FALSE) -> Marketing | E8: =IFERROR(VLOOKUP(Table1[[#This Row],[Department ID]],departments!$A$2:$B$6,2,FALSE),"Not Found") -> Marketing | F8: 34 | G8: 55000 | H8: =IF(G8>60000,"High Earner",IF(G8<45000,"Low Earner","Standard")) -> Standard | I8: Mumbai | J8: 2019
A9: E012 | B9: Pooja Bansal | C9: 999 | D9: =VLOOKUP(Table1[[#This Row],[Department ID]],departments!$A$2:$B$6,2,FALSE) -> #N/A | E9: =IFERROR(VLOOKUP(Table1[[#This Row],[Department ID]],departments!$A$2:$B$6,2,FALSE),"Not Found") -> Not Found | F9: 30 | G9: 53000 | H9: =IF(G9>60000,"High Earner",IF(G9<45000,"Low Earner","Standard")) -> Standard | I9: Delhi | J9: 2021
A10: E006 | B10: Anjali Gupta | C10: 102 | D10: =VLOOKUP(Table1[[#This Row],[Department ID]],departments!$A$2:$B$6,2,FALSE) -> Marketing | E10: =IFERROR(VLOOKUP(Table1[[#This Row],[Department ID]],departments!$A$2:$B$6,2,FALSE),"Not Found") -> Marketing | F10: 28 | G10: 51000 | H10: =IF(G10>60000,"High Earner",IF(G10<45000,"Low Earner","Standard")) -> Standard | I10: Delhi | J10: 2021
A11: E011 | B11: Rahul Kapoor | C11: 101 | D11: =VLOOKUP(Table1[[#This Row],[Department ID]],departments!$A$2:$B$6,2,FALSE) -> Sales | E11: =IFERROR(VLOOKUP(Table1[[#This Row],[Department ID]],departments!$A$2:$B$6,2,FALSE),"Not Found") -> Sales | F11: 33 | G11: 47000 | H11: =IF(G11>60000,"High Earner",IF(G11<45000,"Low Earner","Standard")) -> Standard | I11: Kolkata | J11: 2020
A12: E001 | B12: Aarav Sharma | C12: 101 | D12: =VLOOKUP(Table1[[#This Row],[Department ID]],departments!$A$2:$B$6,2,FALSE) -> Sales | E12: =IFERROR(VLOOKUP(Table1[[#This Row],[Department ID]],departments!$A$2:$B$6,2,FALSE),"Not Found") -> Sales | F12: 29 | G12: 42000 | H12: =IF(G12>60000,"High Earner",IF(G12<45000,"Low Earner","Standard")) -> Low Earner | I12: Kolkata | J12: 2021
A13: E003 | B13: Rohan Das | C13: 101 | D13: =VLOOKUP(Table1[[#This Row],[Department ID]],departments!$A$2:$B$6,2,FALSE) -> Sales | E13: =IFERROR(VLOOKUP(Table1[[#This Row],[Department ID]],departments!$A$2:$B$6,2,FALSE),"Not Found") -> Sales | F13: 26 | G13: 39000 | H13: =IF(G13>60000,"High Earner",IF(G13<45000,"Low Earner","Standard")) -> Low Earner | I13: Kolkata | J13: 2022
M18: Department ID | N18: 101 | U18: 101
M19: Count employees in a Department: | N19: =COUNTIF(C2:C13,N18) -> 4 | U19: 102
M20: Total Salary for a Department: | N20: =SUMIF(C2:C13,N18,G2:G13) -> 186000 | U20: 103
U21: 104
U22: 999

Sheet departments
A1: department_id | B1: department_name | C1: head | D1: location
A2: 103 | B2: IT | C2: Sanjay Kumar | D2: Bangalore
A3: 104 | B3: Finance | C3: Meera Nair | D3: Chennai
A4: 102 | B4: Marketing | C4: Ritu Chawla | D4: Delhi
A5: 101 | B5: Sales | C5: Amit Malhotra | D5: Kolkata
A6: 105 | B6: HR | C6: Suman Ghosh | D6: Kolkata

Sheet Piviot_charts
A1: Average Salary by Department
A3: Row Labels | B3: Average of Monthly Salary
A4: Finance | B4: 59000
A5: IT | B5: 68333.333
A6: Marketing | B6: 53000
A7: Not Found | B7: 53000
A8: Sales | B8: 46500
A9: Grand Total | B9: 55666.667
